,Modules,,,,
module_id,"""name""","""location""","""ground_unit_id""",,
CA1000,"""Vulcan""","""ENCP5000""",940194,,
EU1000,"""Columbus""","""ENCP4000""",873065,,
JA1000,"""JEM-ELM-PS""","""ENCP3000""",787001,,
JA2000,"""JEM-PM""","""ENCP3300""",787001,,
JA3000,"""JEM-EUSO""","""ENCP3600""",787001,,
RU1000,"""Zarya""","""ENCP1000""",387502,,
RU2000,"""Pirs""","""ENCP1100""",387502,,
RU3000,"""Zvezda""","""ENCP1200""",387502,,
RU4000,"""Poisk""","""ENCP1300""",387502,,
RU5000,"""Rassvet""","""ENCP1400""",387502,,
RU6000,"""Nauka""","""ENCP1500""",387502,,
US1000,"""Beam""","""ENCP2000""",514138,,
US2000,"""Leonardo""","""ENCP2100""",514138,,
US3000,"""Harmony""","""ENCP2200""",514138,,
US4000,"""Tranquility""","""ENCP2300""",514138,,
US5000,"""Unity""","""ENCP2400""",514138,,
US6000,"""Cupola""","""ENCP2500""",514138,,
US7000,"""Destiny""","""ENCP2600""",514138,,
,,,,,
,,,,,
,,,,,
,Systems,,,,
system_tag_id,"""name""","""location""","""module_id""","""condition""",
CA1000001,"""S5 Truss Segment""","""ENCP50001""","""CA1000""",1,
CA1000002,"""Functional Cargo Block System""","""ENCP50004""","""CA1000""",1,
CA1000003,"""External Stowage Platform""","""ENCP50010""","""CA1000""",1,
CA1000004,"""Treadmill with Vibration Isolation Stabilization ""","""ENCP50011""","""CA1000""",1,
EU1000001,"""Starboard Photovoltaic Arrays""","""ENCP40010""","""EU1000""",1,
EU1000002,"""Crew Return Vehicle""","""ENCP40004""","""EU1000""",1,
EU1000003,"""Muscle Atrophy Research and Exercise System""","""ENCP40006""","""EU1000""",1,
JA1000001,"""Solar Alpha Rotary Joint""","""ENCP30005""","""JA1000""",1,
JA1000002,"""Kibo""","""ENCP30002""","""JA1000""",1,
JA1000003,"""Interim Control System""","""ENCP36002""","""JA1000""",1,
JA1000004,"""JEM Remote Manipulator System""","""ENCP33003""","""JA1000""",1,
JA1000005,"""JEM Experiment Logistics System""","""ENCP36001""","""JA1000""",1,
JA1000006,"""NanoRacks Airlock System""","""ENCP36005""","""JA1000""",1,
JA1000007,"""European Transportation Carrier""","""ENCP33004""","""JA1000""",1,
JA1000008,"""Cloud Aerosol Transport System""","""ENCP36004""","""JA1000""",1,
JA1000009,"""Androgynous Peripheral Attach System""","""ENCP33001""","""JA1000""",1,
JA1000010,"""Dextre""","""ENCP33006""","""JA1000""",1,
JA1000011,"""External Active Thermal Control System""","""ENCP30004""","""JA1000""",1,
JA1000012,"""Grapple fixture System""","""ENCP30006""","""JA1000""",1,
RU1000001,"""Soyuz""","""ENCP11002""","""RU1000""",1,
RU1000002,"""Science Power Platform""","""ENCP12005""","""RU1000""",1,
RU1000003,"""Pressurized Mating System""","""ENCP13004""","""RU1000""",1,
RU1000004,"""Cupola""","""ENCP11001""","""RU1000""",1,
RU1000005,"""Multi-Purpose Logistics System""","""ENCP15003""","""RU1000""",1,
RU1000006,"""Canadarm""","""ENCP12001""","""RU1000""",1,
RU1000007,"""Quest""","""ENCP10004""","""RU1000""",1,
RU1000008,"""Poisk""","""ENCP12003""","""RU1000""",1,
RU1000009,"""Rassvet ""","""ENCP11003""","""RU1000""",1,
RU1000010,"""Nauka""","""ENCP15005""","""RU1000""",1,
RU1000011,"""European Robotic Arm""","""ENCP11007""","""RU1000""",1,
RU1000012,"""Uzlovoy""","""ENCP10007""","""RU1000""",1,
RU1000013,"""Combustion Integrated System""","""ENCP15001""","""RU1000""",1,
RU1000014,"""Vegetable Production System""","""ENCP14005""","""RU1000""",1,
RU1000015,"""Luch""","""ENCP14004""","""RU1000""",1,
RU1000016,"""Strela""","""ENCP13001""","""RU1000""",1,
RU1000017,"""Voskhod""","""ENCP14001""","""RU1000""",1,
RU1000018,"""Integrated cargo carrier""","""ENCP13002""","""RU1000""",1,
RU1000019,"""Orbital replacement unitSystem""","""ENCP13006""","""RU1000""",1,
RU1000020,"""NanoRacks Airlock System""","""ENCP11005""","""RU1000""",1,
US1000001,"""Docking System""","""ENCP26009""","""US1000""",0,
US1000002,"""Stowage System""","""ENCP21002""","""US1000""",1,
US1000003,"""S6 Truss Segment""","""ENCP21009""","""US1000""",1,
US1000004,"""Thermal Control Panels""","""ENCP22001""","""US1000""",1,
US1000005,"""CSA Remote Manipulator System""","""ENCP24002""","""US1000""",1,
US1000006,"""Port Photovoltaic Arrays""","""ENCP23005""","""US1000""",1,
US1000007,"""Centrifuge Accomodations System""","""ENCP23001""","""US1000""",1,
US1000008,"""Docking node""","""ENCP22006""","""US1000""",1,
US1000009,"""Truss""","""ENCP21005""","""US1000""",1,
US1000010,"""Habitation System""","""ENCP24001""","""US1000""",1,
US1000011,"""Bigelow Expandable System""","""ENCP26003""","""US1000""",1,
US1000012,"""Atomic clock ensemble ""","""ENCP22004""","""US1000""",1,
US1000013,"""External payload facility""","""ENCP24005""","""US1000""",1,
US1000014,"""Microgravity Science Glovebox ""","""ENCP25001""","""US1000""",1,
US1000015,"""Window Observational Research Facility""","""ENCP22003""","""US1000""",1,
US1000016,"""ExPRESS Logistics Carrier""","""ENCP20008""","""US1000""",1,
US1000017,"""Human Research Facility Holter Monitor""","""ENCP21001""","""US1000""",1,
US1000018,"""Minus Eighty Degree Freezer""","""ENCP26006""","""US1000""",1,
US1000019,"""Bishop Airlock System""","""ENCP20004""","""US1000""",1,
US1000020,"""Common Berthing System""","""ENCP21003""","""US1000""",1,
US1000021,"""Environmental Control and Life Support System ""","""ENCP23007""","""US1000""",1,
US1000022,"""Propulsion System""","""ENCP25005""","""US1000""",1,
US1000023,"""Neutron Star Interior Composition Explorer""","""ENCP25006""","""US1000""",1,
US1000024,"""Heat radiators""","""ENCP25003""","""US1000""",1,
US1000025,"""Thermal control system""","""ENCP24004""","""US1000""",1,
,,,,,
,,,,,
,,,,,
,drawer components,,,,
component_tag,"""drawer_id""","""name""","""location""","""condition""",
CA1000005,"""CAD1001""","""I00361""","""ENCP5000301""",1,
CA1000006,"""CAD1001""","""I00362""","""ENCP5000302""",1,
CA1000007,"""CAD1001""","""I00363""","""ENCP5000303""",1,
CA1000008,"""CAD1001""","""I00364""","""ENCP5000304""",1,
CA1000009,"""CAD1001""","""I00365""","""ENCP5000305""",1,
CA1000010,"""CAD1002""","""I00366""","""ENCP5000701""",1,
CA1000011,"""CAD1002""","""I00367""","""ENCP5000702""",1,
CA1000012,"""CAD1002""","""I00368""","""ENCP5000703""",1,
CA1000013,"""CAD1002""","""I00369""","""ENCP5000704""",1,
CA1000014,"""CAD1002""","""I00370""","""ENCP5000705""",1,
CA1000015,"""CAD1003""","""I00371""","""ENCP5000901""",1,
CA1000016,"""CAD1003""","""I00372""","""ENCP5000902""",1,
CA1000017,"""CAD1003""","""I00373""","""ENCP5000903""",1,
CA1000018,"""CAD1003""","""I00374""","""ENCP5000904""",1,
CA1000019,"""CAD1003""","""I00375""","""ENCP5000905""",1,
EU1000004,"""EUD1001""","""I00376""","""ENCP4000101""",1,
EU1000005,"""EUD1001""","""I00377""","""ENCP4000102""",1,
EU1000006,"""EUD1001""","""I00378""","""ENCP4000103""",1,
EU1000007,"""EUD1001""","""I00379""","""ENCP4000104""",1,
EU1000008,"""EUD1001""","""I00380""","""ENCP4000105""",1,
EU1000009,"""EUD1001""","""I00381""","""ENCP4000106""",1,
EU1000010,"""EUD1001""","""I00382""","""ENCP4000107""",1,
EU1000011,"""EUD1001""","""I00383""","""ENCP4000108""",1,
EU1000012,"""EUD1001""","""I00384""","""ENCP4000109""",1,
EU1000013,"""EUD1001""","""I00385""","""ENCP4000110""",1,
EU1000014,"""EUD1002""","""I00386""","""ENCP4000301""",1,
EU1000015,"""EUD1002""","""I00387""","""ENCP4000302""",1,
EU1000016,"""EUD1002""","""I00388""","""ENCP4000303""",1,
EU1000017,"""EUD1002""","""I00389""","""ENCP4000304""",1,
EU1000018,"""EUD1002""","""I00390""","""ENCP4000305""",1,
EU1000019,"""EUD1002""","""I00391""","""ENCP4000306""",1,
EU1000020,"""EUD1002""","""I00392""","""ENCP4000307""",1,
EU1000021,"""EUD1002""","""I00393""","""ENCP4000308""",1,
EU1000022,"""EUD1002""","""I00394""","""ENCP4000309""",1,
EU1000023,"""EUD1002""","""I00395""","""ENCP4000310""",1,
EU1000024,"""EUD1004""","""I00396""","""ENCP4000901""",1,
EU1000025,"""EUD1004""","""I00397""","""ENCP4000902""",1,
EU1000026,"""EUD1004""","""I00398""","""ENCP4000903""",1,
EU1000027,"""EUD1004""","""I00399""","""ENCP4000904""",1,
EU1000028,"""EUD1004""","""I00400""","""ENCP4000905""",1,
EU1000029,"""EUD1004""","""I00401""","""ENCP4000906""",1,
EU1000030,"""EUD1004""","""I00402""","""ENCP4000907""",1,
EU1000031,"""EUD1004""","""I00403""","""ENCP4000908""",1,
EU1000032,"""EUD1004""","""I00404""","""ENCP4000909""",1,
EU1000033,"""EUD1004""","""I00405""","""ENCP4000910""",1,
JA1000013,"""JAD1001""","""I00546""","""ENCP3000101""",1,
JA1000014,"""JAD1001""","""I00547""","""ENCP3000102""",1,
JA1000015,"""JAD1001""","""I00548""","""ENCP3000103""",1,
JA1000016,"""JAD1001""","""I00549""","""ENCP3000104""",1,
JA1000017,"""JAD1001""","""I00550""","""ENCP3000105""",1,
JA1000018,"""JAD1001""","""I00551""","""ENCP3000106""",1,
JA1000019,"""JAD1001""","""I00552""","""ENCP3000107""",1,
JA1000020,"""JAD1001""","""I00553""","""ENCP3000108""",1,
JA1000021,"""JAD1001""","""I00554""","""ENCP3000109""",1,
JA1000022,"""JAD1001""","""I00555""","""ENCP3000110""",1,
JA1000023,"""JAD1002""","""I00556""","""ENCP3000301""",1,
JA1000024,"""JAD1002""","""I00557""","""ENCP3000302""",1,
JA1000025,"""JAD1002""","""I00558""","""ENCP3000303""",1,
JA1000026,"""JAD1002""","""I00559""","""ENCP3000304""",1,
JA1000027,"""JAD1002""","""I00560""","""ENCP3000305""",1,
JA1000028,"""JAD1002""","""I00561""","""ENCP3000306""",1,
JA1000029,"""JAD1002""","""I00562""","""ENCP3000307""",1,
JA1000030,"""JAD1002""","""I00563""","""ENCP3000308""",1,
JA1000031,"""JAD1002""","""I00564""","""ENCP3000309""",1,
JA1000032,"""JAD1002""","""I00565""","""ENCP3000310""",1,
JA1000033,"""JAD1003""","""I00566""","""ENCP3300701""",1,
JA1000034,"""JAD1003""","""I00567""","""ENCP3300702""",1,
JA1000035,"""JAD1003""","""I00568""","""ENCP3300703""",1,
JA1000036,"""JAD1003""","""I00569""","""ENCP3300704""",1,
JA1000037,"""JAD1003""","""I00570""","""ENCP3300705""",1,
JA1000038,"""JAD1003""","""I00571""","""ENCP3300706""",1,
JA1000039,"""JAD1003""","""I00572""","""ENCP3300707""",1,
JA1000040,"""JAD1003""","""I00573""","""ENCP3300708""",1,
JA1000041,"""JAD1003""","""I00574""","""ENCP3300709""",1,
JA1000042,"""JAD1003""","""I00575""","""ENCP3300710""",1,
JA1000043,"""JAD1004""","""I00576""","""ENCP3300901""",1,
JA1000044,"""JAD1004""","""I00577""","""ENCP3300902""",1,
JA1000045,"""JAD1004""","""I00578""","""ENCP3300903""",1,
JA1000046,"""JAD1004""","""I00579""","""ENCP3300904""",1,
JA1000047,"""JAD1004""","""I00580""","""ENCP3300905""",1,
JA1000048,"""JAD1004""","""I00581""","""ENCP3300906""",1,
JA1000049,"""JAD1004""","""I00582""","""ENCP3300907""",1,
JA1000050,"""JAD1004""","""I00583""","""ENCP3300908""",1,
JA1000051,"""JAD1004""","""I00584""","""ENCP3300909""",1,
JA1000052,"""JAD1004""","""I00585""","""ENCP3300910""",1,
JA1000053,"""JAD1005""","""I00586""","""ENCP3600601""",1,
JA1000054,"""JAD1005""","""I00587""","""ENCP3600602""",1,
JA1000055,"""JAD1005""","""I00588""","""ENCP3600603""",1,
JA1000056,"""JAD1005""","""I00589""","""ENCP3600604""",1,
JA1000057,"""JAD1005""","""I00590""","""ENCP3600605""",1,
JA1000058,"""JAD1005""","""I00591""","""ENCP3600606""",1,
JA1000059,"""JAD1005""","""I00592""","""ENCP3600607""",1,
JA1000060,"""JAD1005""","""I00593""","""ENCP3600608""",1,
JA1000061,"""JAD1005""","""I00594""","""ENCP3600609""",1,
JA1000062,"""JAD1005""","""I00595""","""ENCP3600610""",1,
JA1000063,"""JAD1007""","""I00596""","""ENCP3600901""",1,
JA1000064,"""JAD1007""","""I00597""","""ENCP3600902""",1,
JA1000065,"""JAD1007""","""I00598""","""ENCP3600903""",1,
JA1000066,"""JAD1007""","""I00599""","""ENCP3600904""",1,
JA1000067,"""JAD1007""","""I00600""","""ENCP3600905""",1,
JA1000068,"""JAD1007""","""I00601""","""ENCP3600906""",1,
JA1000069,"""JAD1007""","""I00602""","""ENCP3600907""",1,
JA1000070,"""JAD1007""","""I00603""","""ENCP3600908""",1,
JA1000071,"""JAD1007""","""I00604""","""ENCP3600909""",1,
JA1000072,"""JAD1007""","""I00605""","""ENCP3600910""",1,
RU1000021,"""RUD1001""","""I00406""","""ENCP1000201""",1,
RU1000022,"""RUD1001""","""I00407""","""ENCP1000202""",1,
RU1000023,"""RUD1001""","""I00408""","""ENCP1000203""",1,
RU1000024,"""RUD1001""","""I00409""","""ENCP1000204""",1,
RU1000025,"""RUD1001""","""I00410""","""ENCP1000205""",1,
RU1000026,"""RUD1001""","""I00411""","""ENCP1000206""",1,
RU1000027,"""RUD1001""","""I00412""","""ENCP1000207""",1,
RU1000028,"""RUD1001""","""I00413""","""ENCP1000208""",1,
RU1000029,"""RUD1001""","""I00414""","""ENCP1000209""",1,
RU1000030,"""RUD1001""","""I00415""","""ENCP1000210""",1,
RU1000031,"""RUD1002""","""I00416""","""ENCP1000601""",1,
RU1000032,"""RUD1002""","""I00417""","""ENCP1000602""",1,
RU1000033,"""RUD1002""","""I00418""","""ENCP1000603""",1,
RU1000034,"""RUD1002""","""I00419""","""ENCP1000604""",1,
RU1000035,"""RUD1002""","""I00420""","""ENCP1000605""",1,
RU1000036,"""RUD1002""","""I00421""","""ENCP1000606""",1,
RU1000037,"""RUD1002""","""I00422""","""ENCP1000607""",1,
RU1000038,"""RUD1002""","""I00423""","""ENCP1000608""",1,
RU1000039,"""RUD1002""","""I00424""","""ENCP1000609""",1,
RU1000040,"""RUD1002""","""I00425""","""ENCP1000610""",1,
RU1000041,"""RUD1003""","""I00426""","""ENCP1000801""",1,
RU1000042,"""RUD1003""","""I00427""","""ENCP1000802""",1,
RU1000043,"""RUD1003""","""I00428""","""ENCP1000803""",1,
RU1000044,"""RUD1003""","""I00429""","""ENCP1000804""",1,
RU1000045,"""RUD1003""","""I00430""","""ENCP1000805""",1,
RU1000046,"""RUD1003""","""I00431""","""ENCP1000806""",1,
RU1000047,"""RUD1003""","""I00432""","""ENCP1000807""",1,
RU1000048,"""RUD1003""","""I00433""","""ENCP1000808""",1,
RU1000049,"""RUD1003""","""I00434""","""ENCP1000809""",1,
RU1000050,"""RUD1003""","""I00435""","""ENCP1000810""",1,
RU1000051,"""RUD1004""","""I00436""","""ENCP1100401""",1,
RU1000052,"""RUD1004""","""I00437""","""ENCP1100402""",1,
RU1000053,"""RUD1004""","""I00438""","""ENCP1100403""",1,
RU1000054,"""RUD1004""","""I00439""","""ENCP1100404""",1,
RU1000055,"""RUD1004""","""I00440""","""ENCP1100405""",1,
RU1000056,"""RUD1004""","""I00441""","""ENCP1100406""",1,
RU1000057,"""RUD1004""","""I00442""","""ENCP1100407""",1,
RU1000058,"""RUD1004""","""I00443""","""ENCP1100408""",1,
RU1000059,"""RUD1004""","""I00444""","""ENCP1100409""",1,
RU1000060,"""RUD1004""","""I00445""","""ENCP1100410""",1,
RU1000061,"""RUD1005""","""I00446""","""ENCP1200801""",1,
RU1000062,"""RUD1005""","""I00447""","""ENCP1200802""",1,
RU1000063,"""RUD1005""","""I00448""","""ENCP1200803""",1,
RU1000064,"""RUD1005""","""I00449""","""ENCP1200804""",1,
RU1000065,"""RUD1005""","""I00450""","""ENCP1200805""",1,
RU1000066,"""RUD1005""","""I00451""","""ENCP1200806""",1,
RU1000067,"""RUD1005""","""I00452""","""ENCP1200807""",1,
RU1000068,"""RUD1005""","""I00453""","""ENCP1200808""",1,
RU1000069,"""RUD1005""","""I00454""","""ENCP1200809""",1,
RU1000070,"""RUD1005""","""I00455""","""ENCP1200810""",1,
RU1000071,"""RUD1006""","""I00456""","""ENCP1200701""",1,
RU1000072,"""RUD1006""","""I00457""","""ENCP1200702""",1,
RU1000073,"""RUD1006""","""I00458""","""ENCP1200703""",1,
RU1000074,"""RUD1006""","""I00459""","""ENCP1200704""",1,
RU1000075,"""RUD1006""","""I00460""","""ENCP1200705""",1,
RU1000076,"""RUD1006""","""I00461""","""ENCP1200706""",1,
RU1000077,"""RUD1006""","""I00462""","""ENCP1200707""",1,
RU1000078,"""RUD1006""","""I00463""","""ENCP1200708""",1,
RU1000079,"""RUD1006""","""I00464""","""ENCP1200709""",1,
RU1000080,"""RUD1006""","""I00465""","""ENCP1200710""",1,
RU1000081,"""RUD1007""","""I00466""","""ENCP1300801""",1,
RU1000082,"""RUD1007""","""I00467""","""ENCP1300801""",1,
RU1000083,"""RUD1007""","""I00468""","""ENCP1300801""",1,
RU1000084,"""RUD1007""","""I00469""","""ENCP1300801""",1,
RU1000085,"""RUD1007""","""I00470""","""ENCP1300801""",1,
RU1000086,"""RUD1007""","""I00471""","""ENCP1300801""",1,
RU1000087,"""RUD1007""","""I00472""","""ENCP1300801""",1,
RU1000088,"""RUD1007""","""I00473""","""ENCP1300801""",1,
RU1000089,"""RUD1007""","""I00474""","""ENCP1300801""",1,
RU1000090,"""RUD1007""","""I00475""","""ENCP1300801""",1,
RU1000091,"""RUD1008""","""I00476""","""ENCP1300301""",1,
RU1000092,"""RUD1008""","""I00477""","""ENCP1300302""",1,
RU1000093,"""RUD1008""","""I00478""","""ENCP1300303""",1,
RU1000094,"""RUD1008""","""I00479""","""ENCP1300304""",1,
RU1000095,"""RUD1008""","""I00480""","""ENCP1300305""",1,
RU1000096,"""RUD1008""","""I00481""","""ENCP1300306""",1,
RU1000097,"""RUD1008""","""I00482""","""ENCP1300307""",1,
RU1000098,"""RUD1008""","""I00483""","""ENCP1300308""",1,
RU1000099,"""RUD1008""","""I00484""","""ENCP1300309""",1,
RU1000100,"""RUD1008""","""I00485""","""ENCP1300310""",1,
RU1000101,"""RUD1009""","""I00486""","""ENCP1300701""",1,
RU1000102,"""RUD1009""","""I00487""","""ENCP1300702""",1,
RU1000103,"""RUD1009""","""I00488""","""ENCP1300703""",1,
RU1000104,"""RUD1009""","""I00489""","""ENCP1300704""",1,
RU1000105,"""RUD1009""","""I00490""","""ENCP1300705""",1,
RU1000106,"""RUD1009""","""I00491""","""ENCP1300706""",1,
RU1000107,"""RUD1009""","""I00492""","""ENCP1300707""",1,
RU1000108,"""RUD1009""","""I00493""","""ENCP1300708""",1,
RU1000109,"""RUD1009""","""I00494""","""ENCP1300709""",1,
RU1000110,"""RUD1009""","""I00495""","""ENCP1300710""",1,
RU1000111,"""RUD1010""","""I00496""","""ENCP1400201""",1,
RU1000112,"""RUD1010""","""I00497""","""ENCP1400202""",1,
RU1000113,"""RUD1010""","""I00498""","""ENCP1400203""",1,
RU1000114,"""RUD1010""","""I00499""","""ENCP1400204""",1,
RU1000115,"""RUD1010""","""I00500""","""ENCP1400205""",1,
RU1000116,"""RUD1010""","""I00501""","""ENCP1400206""",1,
RU1000117,"""RUD1010""","""I00502""","""ENCP1400207""",1,
RU1000118,"""RUD1010""","""I00503""","""ENCP1400208""",1,
RU1000119,"""RUD1010""","""I00504""","""ENCP1400209""",1,
RU1000120,"""RUD1010""","""I00505""","""ENCP1400210""",1,
RU1000121,"""RUD1011""","""I00506""","""ENCP1400801""",1,
RU1000122,"""RUD1011""","""I00507""","""ENCP1400802""",1,
RU1000123,"""RUD1011""","""I00508""","""ENCP1400803""",1,
RU1000124,"""RUD1011""","""I00509""","""ENCP1400804""",1,
RU1000125,"""RUD1011""","""I00510""","""ENCP1400805""",1,
RU1000126,"""RUD1011""","""I00511""","""ENCP1400806""",1,
RU1000127,"""RUD1011""","""I00512""","""ENCP1400807""",1,
RU1000128,"""RUD1011""","""I00513""","""ENCP1400808""",1,
RU1000129,"""RUD1011""","""I00514""","""ENCP1400809""",1,
RU1000130,"""RUD1011""","""I00515""","""ENCP1400810""",1,
RU1000131,"""RUD1012""","""I00516""","""ENCP1300501""",1,
RU1000132,"""RUD1012""","""I00517""","""ENCP1300502""",1,
RU1000133,"""RUD1012""","""I00518""","""ENCP1300503""",1,
RU1000134,"""RUD1012""","""I00519""","""ENCP1300504""",1,
RU1000135,"""RUD1012""","""I00520""","""ENCP1300505""",1,
RU1000136,"""RUD1012""","""I00521""","""ENCP1300506""",1,
RU1000137,"""RUD1012""","""I00522""","""ENCP1300507""",1,
RU1000138,"""RUD1012""","""I00523""","""ENCP1300508""",1,
RU1000139,"""RUD1012""","""I00524""","""ENCP1300509""",1,
RU1000140,"""RUD1012""","""I00525""","""ENCP1300510""",1,
RU1000141,"""RUD1013""","""I00526""","""ENCP1500701""",1,
RU1000142,"""RUD1013""","""I00527""","""ENCP1500702""",1,
RU1000143,"""RUD1013""","""I00528""","""ENCP1500703""",1,
RU1000144,"""RUD1013""","""I00529""","""ENCP1500704""",1,
RU1000145,"""RUD1013""","""I00530""","""ENCP1500705""",1,
RU1000146,"""RUD1013""","""I00531""","""ENCP1500706""",1,
RU1000147,"""RUD1013""","""I00532""","""ENCP1500707""",1,
RU1000148,"""RUD1013""","""I00533""","""ENCP1500708""",1,
RU1000149,"""RUD1013""","""I00534""","""ENCP1500709""",1,
RU1000150,"""RUD1013""","""I00535""","""ENCP1500710""",1,
RU1000151,"""RUD1014""","""I00536""","""ENCP1400601""",1,
RU1000152,"""RUD1014""","""I00537""","""ENCP1400602""",1,
RU1000153,"""RUD1014""","""I00538""","""ENCP1400603""",1,
RU1000154,"""RUD1014""","""I00539""","""ENCP1400604""",1,
RU1000155,"""RUD1014""","""I00540""","""ENCP1400605""",1,
RU1000156,"""RUD1014""","""I00541""","""ENCP1400606""",1,
RU1000157,"""RUD1014""","""I00542""","""ENCP1400607""",1,
RU1000158,"""RUD1014""","""I00543""","""ENCP1400608""",1,
RU1000159,"""RUD1014""","""I00544""","""ENCP1400609""",1,
RU1000160,"""RUD1014""","""I00545""","""ENCP1400610""",1,
US1000026,"""USD1001""","""I00001""","""ENCP2000201""",1,
US1000027,"""USD1001""","""I00002""","""ENCP2000202""",1,
US1000028,"""USD1001""","""I00003""","""ENCP2000203""",1,
US1000029,"""USD1001""","""I00004""","""ENCP2000204""",1,
US1000030,"""USD1001""","""I00005""","""ENCP2000205""",1,
US1000031,"""USD1001""","""I00006""","""ENCP2000206""",1,
US1000032,"""USD1001""","""I00007""","""ENCP2000207""",1,
US1000033,"""USD1001""","""I00008""","""ENCP2000208""",1,
US1000034,"""USD1001""","""I00009""","""ENCP2000209""",1,
US1000035,"""USD1001""","""I00010""","""ENCP2000210""",1,
US1000036,"""USD1001""","""I00011""","""ENCP2000211""",1,
US1000037,"""USD1001""","""I00012""","""ENCP2000212""",1,
US1000038,"""USD1001""","""I00013""","""ENCP2000213""",1,
US1000039,"""USD1001""","""I00014""","""ENCP2000214""",1,
US1000040,"""USD1001""","""I00015""","""ENCP2000215""",1,
US1000041,"""USD1001""","""I00016""","""ENCP2000216""",1,
US1000042,"""USD1001""","""I00017""","""ENCP2000217""",1,
US1000043,"""USD1001""","""I00018""","""ENCP2000218""",1,
US1000044,"""USD1001""","""I00019""","""ENCP2000219""",1,
US1000045,"""USD1001""","""I00020""","""ENCP2000220""",1,
US1000046,"""USD1002""","""I00021""","""ENCP2000601""",1,
US1000047,"""USD1002""","""I00022""","""ENCP2000602""",1,
US1000048,"""USD1002""","""I00023""","""ENCP2000603""",1,
US1000049,"""USD1002""","""I00024""","""ENCP2000604""",1,
US1000050,"""USD1002""","""I00025""","""ENCP2000605""",1,
US1000051,"""USD1002""","""I00026""","""ENCP2000606""",1,
US1000052,"""USD1002""","""I00027""","""ENCP2000607""",1,
US1000053,"""USD1002""","""I00028""","""ENCP2000608""",1,
US1000054,"""USD1002""","""I00029""","""ENCP2000609""",1,
US1000055,"""USD1002""","""I00030""","""ENCP2000610""",1,
US1000056,"""USD1002""","""I00031""","""ENCP2000611""",1,
US1000057,"""USD1002""","""I00032""","""ENCP2000612""",1,
US1000058,"""USD1002""","""I00033""","""ENCP2000613""",1,
US1000059,"""USD1002""","""I00034""","""ENCP2000614""",1,
US1000060,"""USD1002""","""I00035""","""ENCP2000615""",1,
US1000061,"""USD1002""","""I00036""","""ENCP2000616""",1,
US1000062,"""USD1002""","""I00037""","""ENCP2000617""",1,
US1000063,"""USD1002""","""I00038""","""ENCP2000618""",1,
US1000064,"""USD1002""","""I00039""","""ENCP2000619""",1,
US1000065,"""USD1002""","""I00040""","""ENCP2000620""",1,
US1000066,"""USD1003""","""I00041""","""ENCP2000901""",1,
US1000067,"""USD1003""","""I00042""","""ENCP2000902""",1,
US1000068,"""USD1003""","""I00043""","""ENCP2000903""",1,
US1000069,"""USD1003""","""I00044""","""ENCP2000904""",1,
US1000070,"""USD1003""","""I00045""","""ENCP2000905""",1,
US1000071,"""USD1003""","""I00046""","""ENCP2000906""",1,
US1000072,"""USD1003""","""I00047""","""ENCP2000907""",1,
US1000073,"""USD1003""","""I00048""","""ENCP2000908""",1,
US1000074,"""USD1003""","""I00049""","""ENCP2000909""",1,
US1000075,"""USD1003""","""I00050""","""ENCP2000910""",1,
US1000076,"""USD1003""","""I00051""","""ENCP2000911""",1,
US1000077,"""USD1003""","""I00052""","""ENCP2000912""",1,
US1000078,"""USD1003""","""I00053""","""ENCP2000913""",1,
US1000079,"""USD1003""","""I00054""","""ENCP2000914""",1,
US1000080,"""USD1003""","""I00055""","""ENCP2000915""",1,
US1000081,"""USD1003""","""I00056""","""ENCP2000916""",1,
US1000082,"""USD1003""","""I00057""","""ENCP2000917""",1,
US1000083,"""USD1003""","""I00058""","""ENCP2000918""",1,
US1000084,"""USD1003""","""I00059""","""ENCP2000919""",1,
US1000085,"""USD1003""","""I00060""","""ENCP2000920""",1,
US1000086,"""USD1004""","""I00061""","""ENCP2100801""",1,
US1000087,"""USD1004""","""I00062""","""ENCP2100802""",1,
US1000088,"""USD1004""","""I00063""","""ENCP2100803""",1,
US1000089,"""USD1004""","""I00064""","""ENCP2100804""",1,
US1000090,"""USD1004""","""I00065""","""ENCP2100805""",1,
US1000091,"""USD1004""","""I00066""","""ENCP2100806""",1,
US1000092,"""USD1004""","""I00067""","""ENCP2100807""",1,
US1000093,"""USD1004""","""I00068""","""ENCP2100808""",1,
US1000094,"""USD1004""","""I00069""","""ENCP2100809""",1,
US1000095,"""USD1004""","""I00070""","""ENCP2100810""",1,
US1000096,"""USD1004""","""I00071""","""ENCP2100811""",1,
US1000097,"""USD1004""","""I00072""","""ENCP2100812""",1,
US1000098,"""USD1004""","""I00073""","""ENCP2100813""",1,
US1000099,"""USD1004""","""I00074""","""ENCP2100814""",1,
US1000100,"""USD1004""","""I00075""","""ENCP2100815""",1,
US1000101,"""USD1004""","""I00076""","""ENCP2100816""",1,
US1000102,"""USD1004""","""I00077""","""ENCP2100817""",1,
US1000103,"""USD1004""","""I00078""","""ENCP2100818""",1,
US1000104,"""USD1004""","""I00079""","""ENCP2100819""",1,
US1000105,"""USD1004""","""I00080""","""ENCP2100820""",1,
US1000106,"""USD1005""","""I00081""","""ENCP2200201""",1,
US1000107,"""USD1005""","""I00082""","""ENCP2200202""",1,
US1000108,"""USD1005""","""I00083""","""ENCP2200203""",1,
US1000109,"""USD1005""","""I00084""","""ENCP2200204""",1,
US1000110,"""USD1005""","""I00085""","""ENCP2200205""",1,
US1000111,"""USD1005""","""I00086""","""ENCP2200206""",1,
US1000112,"""USD1005""","""I00087""","""ENCP2200207""",1,
US1000113,"""USD1005""","""I00088""","""ENCP2200208""",1,
US1000114,"""USD1005""","""I00089""","""ENCP2200209""",1,
US1000115,"""USD1005""","""I00090""","""ENCP2200210""",1,
US1000116,"""USD1005""","""I00091""","""ENCP2200211""",1,
US1000117,"""USD1005""","""I00092""","""ENCP2200212""",1,
US1000118,"""USD1005""","""I00093""","""ENCP2200213""",1,
US1000119,"""USD1005""","""I00094""","""ENCP2200214""",1,
US1000120,"""USD1005""","""I00095""","""ENCP2200215""",1,
US1000121,"""USD1005""","""I00096""","""ENCP2200216""",1,
US1000122,"""USD1005""","""I00097""","""ENCP2200217""",1,
US1000123,"""USD1005""","""I00098""","""ENCP2200218""",1,
US1000124,"""USD1005""","""I00099""","""ENCP2200219""",1,
US1000125,"""USD1005""","""I00100""","""ENCP2200220""",1,
US1000126,"""USD1006""","""I00101""","""ENCP2200501""",1,
US1000127,"""USD1006""","""I00102""","""ENCP2200502""",1,
US1000128,"""USD1006""","""I00103""","""ENCP2200503""",1,
US1000129,"""USD1006""","""I00104""","""ENCP2200504""",1,
US1000130,"""USD1006""","""I00105""","""ENCP2200505""",1,
US1000131,"""USD1006""","""I00106""","""ENCP2200506""",1,
US1000132,"""USD1006""","""I00107""","""ENCP2200507""",1,
US1000133,"""USD1006""","""I00108""","""ENCP2200508""",1,
US1000134,"""USD1006""","""I00109""","""ENCP2200509""",1,
US1000135,"""USD1006""","""I00110""","""ENCP2200510""",1,
US1000136,"""USD1006""","""I00111""","""ENCP2200511""",1,
US1000137,"""USD1006""","""I00112""","""ENCP2200512""",1,
US1000138,"""USD1006""","""I00113""","""ENCP2200513""",1,
US1000139,"""USD1006""","""I00114""","""ENCP2200514""",1,
US1000140,"""USD1006""","""I00115""","""ENCP2200515""",1,
US1000141,"""USD1006""","""I00116""","""ENCP2200516""",1,
US1000142,"""USD1006""","""I00117""","""ENCP2200517""",1,
US1000143,"""USD1006""","""I00118""","""ENCP2200518""",1,
US1000144,"""USD1006""","""I00119""","""ENCP2200519""",1,
US1000145,"""USD1006""","""I00120""","""ENCP2200520""",1,
US1000146,"""USD1007""","""I00121""","""ENCP2200701""",1,
US1000147,"""USD1007""","""I00122""","""ENCP2200702""",1,
US1000148,"""USD1007""","""I00123""","""ENCP2200703""",1,
US1000149,"""USD1007""","""I00124""","""ENCP2200704""",1,
US1000150,"""USD1007""","""I00125""","""ENCP2200705""",1,
US1000151,"""USD1007""","""I00126""","""ENCP2200706""",1,
US1000152,"""USD1007""","""I00127""","""ENCP2200707""",1,
US1000153,"""USD1007""","""I00128""","""ENCP2200708""",1,
US1000154,"""USD1007""","""I00129""","""ENCP2200709""",1,
US1000155,"""USD1007""","""I00130""","""ENCP2200710""",1,
US1000156,"""USD1007""","""I00131""","""ENCP2200711""",1,
US1000157,"""USD1007""","""I00132""","""ENCP2200712""",1,
US1000158,"""USD1007""","""I00133""","""ENCP2200713""",1,
US1000159,"""USD1007""","""I00134""","""ENCP2200714""",1,
US1000160,"""USD1007""","""I00135""","""ENCP2200715""",1,
US1000161,"""USD1007""","""I00136""","""ENCP2200716""",1,
US1000162,"""USD1007""","""I00137""","""ENCP2200717""",1,
US1000163,"""USD1007""","""I00138""","""ENCP2200718""",1,
US1000164,"""USD1007""","""I00139""","""ENCP2200719""",1,
US1000165,"""USD1007""","""I00140""","""ENCP2200720""",1,
US1000166,"""USD1008""","""I00141""","""ENCP2200901""",1,
US1000167,"""USD1008""","""I00142""","""ENCP2200902""",1,
US1000168,"""USD1008""","""I00143""","""ENCP2200903""",1,
US1000169,"""USD1008""","""I00144""","""ENCP2200904""",1,
US1000170,"""USD1008""","""I00145""","""ENCP2200905""",1,
US1000171,"""USD1008""","""I00146""","""ENCP2200906""",1,
US1000172,"""USD1008""","""I00147""","""ENCP2200907""",1,
US1000173,"""USD1008""","""I00148""","""ENCP2200908""",1,
US1000174,"""USD1008""","""I00149""","""ENCP2200909""",1,
US1000175,"""USD1008""","""I00150""","""ENCP2200910""",1,
US1000176,"""USD1008""","""I00151""","""ENCP2200911""",1,
US1000177,"""USD1008""","""I00152""","""ENCP2200912""",1,
US1000178,"""USD1008""","""I00153""","""ENCP2200913""",1,
US1000179,"""USD1008""","""I00154""","""ENCP2200914""",1,
US1000180,"""USD1008""","""I00155""","""ENCP2200915""",1,
US1000181,"""USD1008""","""I00156""","""ENCP2200916""",1,
US1000182,"""USD1008""","""I00157""","""ENCP2200917""",1,
US1000183,"""USD1008""","""I00158""","""ENCP2200918""",1,
US1000184,"""USD1008""","""I00159""","""ENCP2200919""",1,
US1000185,"""USD1008""","""I00160""","""ENCP2200920""",1,
US1000186,"""USD1009""","""I00161""","""ENCP2300301""",1,
US1000187,"""USD1009""","""I00162""","""ENCP2300302""",1,
US1000188,"""USD1009""","""I00163""","""ENCP2300303""",1,
US1000189,"""USD1009""","""I00164""","""ENCP2300304""",1,
US1000190,"""USD1009""","""I00165""","""ENCP2300305""",1,
US1000191,"""USD1009""","""I00166""","""ENCP2300306""",1,
US1000192,"""USD1009""","""I00167""","""ENCP2300307""",1,
US1000193,"""USD1009""","""I00168""","""ENCP2300308""",1,
US1000194,"""USD1009""","""I00169""","""ENCP2300309""",1,
US1000195,"""USD1009""","""I00170""","""ENCP2300310""",1,
US1000196,"""USD1009""","""I00171""","""ENCP2300311""",1,
US1000197,"""USD1009""","""I00172""","""ENCP2300312""",1,
US1000198,"""USD1009""","""I00173""","""ENCP2300313""",1,
US1000199,"""USD1009""","""I00174""","""ENCP2300314""",1,
US1000200,"""USD1009""","""I00175""","""ENCP2300315""",1,
US1000201,"""USD1009""","""I00176""","""ENCP2300316""",1,
US1000202,"""USD1009""","""I00177""","""ENCP2300317""",1,
US1000203,"""USD1009""","""I00178""","""ENCP2300318""",1,
US1000204,"""USD1009""","""I00179""","""ENCP2300319""",1,
US1000205,"""USD1009""","""I00180""","""ENCP2300320""",1,
US1000206,"""USD1010""","""I00181""","""ENCP2300801""",1,
US1000207,"""USD1010""","""I00182""","""ENCP2300802""",1,
US1000208,"""USD1010""","""I00183""","""ENCP2300803""",1,
US1000209,"""USD1010""","""I00184""","""ENCP2300804""",1,
US1000210,"""USD1010""","""I00185""","""ENCP2300805""",1,
US1000211,"""USD1010""","""I00186""","""ENCP2300806""",1,
US1000212,"""USD1010""","""I00187""","""ENCP2300807""",1,
US1000213,"""USD1010""","""I00188""","""ENCP2300808""",1,
US1000214,"""USD1010""","""I00189""","""ENCP2300809""",1,
US1000215,"""USD1010""","""I00190""","""ENCP2300810""",1,
US1000216,"""USD1010""","""I00191""","""ENCP2300811""",1,
US1000217,"""USD1010""","""I00192""","""ENCP2300812""",1,
US1000218,"""USD1010""","""I00193""","""ENCP2300813""",1,
US1000219,"""USD1010""","""I00194""","""ENCP2300814""",1,
US1000220,"""USD1010""","""I00195""","""ENCP2300815""",1,
US1000221,"""USD1010""","""I00196""","""ENCP2300816""",1,
US1000222,"""USD1010""","""I00197""","""ENCP2300817""",1,
US1000223,"""USD1010""","""I00198""","""ENCP2300818""",1,
US1000224,"""USD1010""","""I00199""","""ENCP2300819""",1,
US1000225,"""USD1010""","""I00200""","""ENCP2300820""",1,
US1000226,"""USD1011""","""I00201""","""ENCP2300901""",1,
US1000227,"""USD1011""","""I00202""","""ENCP2300902""",1,
US1000228,"""USD1011""","""I00203""","""ENCP2300903""",1,
US1000229,"""USD1011""","""I00204""","""ENCP2300904""",1,
US1000230,"""USD1011""","""I00205""","""ENCP2300905""",1,
US1000231,"""USD1011""","""I00206""","""ENCP2300906""",1,
US1000232,"""USD1011""","""I00207""","""ENCP2300907""",1,
US1000233,"""USD1011""","""I00208""","""ENCP2300908""",1,
US1000234,"""USD1011""","""I00209""","""ENCP2300909""",1,
US1000235,"""USD1011""","""I00210""","""ENCP2300910""",1,
US1000236,"""USD1011""","""I00211""","""ENCP2300911""",1,
US1000237,"""USD1011""","""I00212""","""ENCP2300912""",1,
US1000238,"""USD1011""","""I00213""","""ENCP2300913""",1,
US1000239,"""USD1011""","""I00214""","""ENCP2300914""",1,
US1000240,"""USD1011""","""I00215""","""ENCP2300915""",1,
US1000241,"""USD1011""","""I00216""","""ENCP2300916""",1,
US1000242,"""USD1011""","""I00217""","""ENCP2300917""",1,
US1000243,"""USD1011""","""I00218""","""ENCP2300918""",1,
US1000244,"""USD1011""","""I00219""","""ENCP2300919""",1,
US1000245,"""USD1011""","""I00220""","""ENCP2300920""",1,
US1000246,"""USD1012""","""I00221""","""ENCP2400301""",1,
US1000247,"""USD1012""","""I00222""","""ENCP2400302""",1,
US1000248,"""USD1012""","""I00223""","""ENCP2400303""",1,
US1000249,"""USD1012""","""I00224""","""ENCP2400304""",1,
US1000250,"""USD1012""","""I00225""","""ENCP2400305""",1,
US1000251,"""USD1012""","""I00226""","""ENCP2400306""",1,
US1000252,"""USD1012""","""I00227""","""ENCP2400307""",1,
US1000253,"""USD1012""","""I00228""","""ENCP2400308""",1,
US1000254,"""USD1012""","""I00229""","""ENCP2400309""",1,
US1000255,"""USD1012""","""I00230""","""ENCP2400310""",1,
US1000256,"""USD1012""","""I00231""","""ENCP2400311""",1,
US1000257,"""USD1012""","""I00232""","""ENCP2400312""",1,
US1000258,"""USD1012""","""I00233""","""ENCP2400313""",1,
US1000259,"""USD1012""","""I00234""","""ENCP2400314""",1,
US1000260,"""USD1012""","""I00235""","""ENCP2400315""",1,
US1000261,"""USD1012""","""I00236""","""ENCP2400316""",1,
US1000262,"""USD1012""","""I00237""","""ENCP2400317""",1,
US1000263,"""USD1012""","""I00238""","""ENCP2400318""",1,
US1000264,"""USD1012""","""I00239""","""ENCP2400319""",1,
US1000265,"""USD1012""","""I00240""","""ENCP2400320""",1,
US1000266,"""USD1013""","""I00241""","""ENCP2400801""",1,
US1000267,"""USD1013""","""I00242""","""ENCP2400802""",1,
US1000268,"""USD1013""","""I00243""","""ENCP2400803""",1,
US1000269,"""USD1013""","""I00244""","""ENCP2400804""",1,
US1000270,"""USD1013""","""I00245""","""ENCP2400805""",1,
US1000271,"""USD1013""","""I00246""","""ENCP2400806""",1,
US1000272,"""USD1013""","""I00247""","""ENCP2400807""",1,
US1000273,"""USD1013""","""I00248""","""ENCP2400808""",1,
US1000274,"""USD1013""","""I00249""","""ENCP2400809""",1,
US1000275,"""USD1013""","""I00250""","""ENCP2400810""",1,
US1000276,"""USD1013""","""I00251""","""ENCP2400811""",1,
US1000277,"""USD1013""","""I00252""","""ENCP2400812""",1,
US1000278,"""USD1013""","""I00253""","""ENCP2400813""",1,
US1000279,"""USD1013""","""I00254""","""ENCP2400814""",1,
US1000280,"""USD1013""","""I00255""","""ENCP2400815""",1,
US1000281,"""USD1013""","""I00256""","""ENCP2400816""",1,
US1000282,"""USD1013""","""I00257""","""ENCP2400817""",1,
US1000283,"""USD1013""","""I00258""","""ENCP2400818""",1,
US1000284,"""USD1013""","""I00259""","""ENCP2400819""",1,
US1000285,"""USD1013""","""I00260""","""ENCP2400820""",1,
US1000286,"""USD1014""","""I00261""","""ENCP2500401""",1,
US1000287,"""USD1014""","""I00262""","""ENCP2500402""",1,
US1000288,"""USD1014""","""I00263""","""ENCP2500403""",1,
US1000289,"""USD1014""","""I00264""","""ENCP2500404""",1,
US1000290,"""USD1014""","""I00265""","""ENCP2500405""",1,
US1000291,"""USD1014""","""I00266""","""ENCP2500406""",1,
US1000292,"""USD1014""","""I00267""","""ENCP2500407""",1,
US1000293,"""USD1014""","""I00268""","""ENCP2500408""",1,
US1000294,"""USD1014""","""I00269""","""ENCP2500409""",1,
US1000295,"""USD1014""","""I00270""","""ENCP2500410""",1,
US1000296,"""USD1014""","""I00271""","""ENCP2500411""",1,
US1000297,"""USD1014""","""I00272""","""ENCP2500412""",1,
US1000298,"""USD1014""","""I00273""","""ENCP2500413""",1,
US1000299,"""USD1014""","""I00274""","""ENCP2500414""",1,
US1000300,"""USD1014""","""I00275""","""ENCP2500415""",1,
US1000301,"""USD1014""","""I00276""","""ENCP2500416""",1,
US1000302,"""USD1014""","""I00277""","""ENCP2500417""",1,
US1000303,"""USD1014""","""I00278""","""ENCP2500418""",1,
US1000304,"""USD1014""","""I00279""","""ENCP2500419""",1,
US1000305,"""USD1014""","""I00280""","""ENCP2500420""",1,
US1000306,"""USD1015""","""I00281""","""ENCP2500701""",1,
US1000307,"""USD1015""","""I00282""","""ENCP2500702""",1,
US1000308,"""USD1015""","""I00283""","""ENCP2500703""",1,
US1000309,"""USD1015""","""I00284""","""ENCP2500704""",1,
US1000310,"""USD1015""","""I00285""","""ENCP2500705""",1,
US1000311,"""USD1015""","""I00286""","""ENCP2500706""",1,
US1000312,"""USD1015""","""I00287""","""ENCP2500707""",1,
US1000313,"""USD1015""","""I00288""","""ENCP2500708""",1,
US1000314,"""USD1015""","""I00289""","""ENCP2500709""",1,
US1000315,"""USD1015""","""I00290""","""ENCP2500710""",1,
US1000316,"""USD1015""","""I00291""","""ENCP2500711""",1,
US1000317,"""USD1015""","""I00292""","""ENCP2500712""",1,
US1000318,"""USD1015""","""I00293""","""ENCP2500713""",1,
US1000319,"""USD1015""","""I00294""","""ENCP2500714""",1,
US1000320,"""USD1015""","""I00295""","""ENCP2500715""",1,
US1000321,"""USD1015""","""I00296""","""ENCP2500716""",1,
US1000322,"""USD1015""","""I00297""","""ENCP2500717""",1,
US1000323,"""USD1015""","""I00298""","""ENCP2500718""",1,
US1000324,"""USD1015""","""I00299""","""ENCP2500719""",1,
US1000325,"""USD1015""","""I00300""","""ENCP2500720""",1,
US1000326,"""USD1016""","""I00301""","""ENCP2500801""",1,
US1000327,"""USD1016""","""I00302""","""ENCP2500802""",1,
US1000328,"""USD1016""","""I00303""","""ENCP2500803""",1,
US1000329,"""USD1016""","""I00304""","""ENCP2500804""",1,
US1000330,"""USD1016""","""I00305""","""ENCP2500805""",1,
US1000331,"""USD1016""","""I00306""","""ENCP2500806""",1,
US1000332,"""USD1016""","""I00307""","""ENCP2500807""",1,
US1000333,"""USD1016""","""I00308""","""ENCP2500808""",1,
US1000334,"""USD1016""","""I00309""","""ENCP2500809""",1,
US1000335,"""USD1016""","""I00310""","""ENCP2500810""",1,
US1000336,"""USD1016""","""I00311""","""ENCP2500811""",1,
US1000337,"""USD1016""","""I00312""","""ENCP2500812""",1,
US1000338,"""USD1016""","""I00313""","""ENCP2500813""",1,
US1000339,"""USD1016""","""I00314""","""ENCP2500814""",1,
US1000340,"""USD1016""","""I00315""","""ENCP2500815""",1,
US1000341,"""USD1016""","""I00316""","""ENCP2500816""",1,
US1000342,"""USD1016""","""I00317""","""ENCP2500817""",1,
US1000343,"""USD1016""","""I00318""","""ENCP2500818""",1,
US1000344,"""USD1016""","""I00319""","""ENCP2500819""",1,
US1000345,"""USD1016""","""I00320""","""ENCP2500820""",1,
US1000346,"""USD1017""","""I00321""","""ENCP2600201""",1,
US1000347,"""USD1017""","""I00322""","""ENCP2600202""",1,
US1000348,"""USD1017""","""I00323""","""ENCP2600203""",1,
US1000349,"""USD1017""","""I00324""","""ENCP2600204""",1,
US1000350,"""USD1017""","""I00325""","""ENCP2600205""",1,
US1000351,"""USD1017""","""I00326""","""ENCP2600206""",1,
US1000352,"""USD1017""","""I00327""","""ENCP2600207""",1,
US1000353,"""USD1017""","""I00328""","""ENCP2600208""",1,
US1000354,"""USD1017""","""I00329""","""ENCP2600209""",1,
US1000355,"""USD1017""","""I00330""","""ENCP2600210""",1,
US1000356,"""USD1017""","""I00331""","""ENCP2600211""",1,
US1000357,"""USD1017""","""I00332""","""ENCP2600212""",1,
US1000358,"""USD1017""","""I00333""","""ENCP2600213""",1,
US1000359,"""USD1017""","""I00334""","""ENCP2600214""",1,
US1000360,"""USD1017""","""I00335""","""ENCP2600215""",1,
US1000361,"""USD1017""","""I00336""","""ENCP2600216""",1,
US1000362,"""USD1017""","""I00337""","""ENCP2600217""",1,
US1000363,"""USD1017""","""I00338""","""ENCP2600218""",1,
US1000364,"""USD1017""","""I00339""","""ENCP2600219""",1,
US1000365,"""USD1017""","""I00340""","""ENCP2600220""",1,
US1000366,"""USD1018""","""I00341""","""ENCP2600401""",1,
US1000367,"""USD1018""","""I00342""","""ENCP2600402""",1,
US1000368,"""USD1018""","""I00343""","""ENCP2600403""",1,
US1000369,"""USD1018""","""I00344""","""ENCP2600404""",1,
US1000370,"""USD1018""","""I00345""","""ENCP2600405""",1,
US1000371,"""USD1018""","""I00346""","""ENCP2600406""",1,
US1000372,"""USD1018""","""I00347""","""ENCP2600407""",1,
US1000373,"""USD1018""","""I00348""","""ENCP2600408""",1,
US1000374,"""USD1018""","""I00349""","""ENCP2600409""",1,
US1000375,"""USD1018""","""I00350""","""ENCP2600410""",1,
US1000376,"""USD1018""","""I00351""","""ENCP2600411""",1,
US1000377,"""USD1018""","""I00352""","""ENCP2600412""",1,
US1000378,"""USD1018""","""I00353""","""ENCP2600413""",1,
US1000379,"""USD1018""","""I00354""","""ENCP2600414""",1,
US1000380,"""USD1018""","""I00355""","""ENCP2600415""",1,
US1000381,"""USD1018""","""I00356""","""ENCP2600416""",1,
US1000382,"""USD1018""","""I00357""","""ENCP2600417""",1,
US1000383,"""USD1018""","""I00358""","""ENCP2600418""",1,
US1000384,"""USD1018""","""I00359""","""ENCP2600419""",1,
US1000385,"""USD1018""","""I00360""","""ENCP2600420""",1,
,,,,,
,lab components,,,,
component_tag,"""name""","""location""","""condition""","""section_id""",
CA1000020,"""Microscopes""","""ENCP50006101""",1,"""CAL284010""",
CA1000021,"""Organism samples""","""ENCP50006102""",1,"""CAL284010""",
CA1000022,"""Food samples""","""ENCP50006103""",1,"""CAL284010""",
CA1000023,"""Forceps""","""ENCP50006104""",1,"""CAL284010""",
CA1000024,"""Probes""","""ENCP50006105""",1,"""CAL284010""",
CA1000025,"""Scalpels""","""ENCP50006106""",1,"""CAL284010""",
CA1000026,"""Dyes""","""ENCP50006107""",1,"""CAL284010""",
CA1000027,"""Indicators""","""ENCP50006108""",1,"""CAL284010""",
CA1000028,"""Gloves""","""ENCP50006109""",1,"""CAL284010""",
CA1000029,"""Lab coats""","""ENCP50006110""",1,"""CAL284010""",
CA1000030,"""Drying rack""","""ENCP50006111""",1,"""CAL284010""",
CA1000031,"""Flint""","""ENCP50006112""",1,"""CAL284010""",
CA1000032,"""Graduated cylinders""","""ENCP50006113""",1,"""CAL284010""",
CA1000033,"""Stopwatch""","""ENCP50006114""",1,"""CAL284010""",
CA1000034,"""Test Strip""","""ENCP50006115""",1,"""CAL284010""",
CA1000035,"""Ph test strips""","""ENCP50006201""",1,"""CAL284011""",
CA1000036,"""Dissection equipment ""","""ENCP50006202""",1,"""CAL284011""",
CA1000037,"""Tissue""","""ENCP50006203""",1,"""CAL284011""",
CA1000038,"""Cold storage""","""ENCP50006204""",1,"""CAL284011""",
CA1000039,"""Spatula""","""ENCP50006205""",1,"""CAL284011""",
CA1000040,"""Scoopulas""","""ENCP50006206""",1,"""CAL284011""",
CA1000041,"""Blades""","""ENCP50006207""",1,"""CAL284011""",
CA1000042,"""Friction apparatus""","""ENCP50006208""",1,"""CAL284011""",
CA1000043,"""Tool box""","""ENCP50006209""",1,"""CAL284011""",
CA1000044,"""Pumps""","""ENCP50006210""",1,"""CAL284011""",
CA1000045,"""Graphs""","""ENCP50006211""",1,"""CAL284011""",
CA1000046,"""Test tube""","""ENCP50006212""",1,"""CAL284011""",
CA1000047,"""Petri Dishes""","""ENCP50006213""",1,"""CAL284011""",
CA1000048,"""Flasks""","""ENCP50006214""",1,"""CAL284011""",
CA1000049,"""Beakers""","""ENCP50006215""",1,"""CAL284011""",
CA1000050,"""Funnel""","""ENCP50006301""",1,"""CAL284012""",
CA1000051,"""Mortar""","""ENCP50006302""",1,"""CAL284012""",
CA1000052,"""Pestle""","""ENCP50006303""",1,"""CAL284012""",
CA1000053,"""Mall probe""","""ENCP50006304""",1,"""CAL284012""",
CA1000054,"""Test tube holder""","""ENCP50006305""",1,"""CAL284012""",
CA1000055,"""Thermometer""","""ENCP50006306""",1,"""CAL284012""",
CA1000056,"""Wire gauze""","""ENCP50006307""",1,"""CAL284012""",
CA1000057,"""Side arm flask""","""ENCP50006308""",1,"""CAL284012""",
CA1000058,"""Carboy""","""ENCP50006309""",1,"""CAL284012""",
CA1000059,"""Centrifuge""","""ENCP50006310""",1,"""CAL284012""",
CA1000060,"""Inoculating loop""","""ENCP50006311""",1,"""CAL284012""",
CA1000061,"""Hot fingers""","""ENCP50006312""",1,"""CAL284012""",
CA1000062,"""Safety goggles""","""ENCP50006313""",1,"""CAL284012""",
CA1000063,"""Latex gloves""","""ENCP50006314""",1,"""CAL284012""",
CA1000064,"""Scalpel handle""","""ENCP50006315""",1,"""CAL284012""",
CA1000065,"""Dissecting scissors""","""ENCP50006401""",1,"""CAL284013""",
CA1000066,"""Hotplate""","""ENCP50006402""",1,"""CAL284013""",
CA1000067,"""Iron ring""","""ENCP50006403""",1,"""CAL284013""",
CA1000068,"""Rubber stoppers""","""ENCP50006404""",1,"""CAL284013""",
CA1000069,"""Volumetric pipette""","""ENCP50006405""",1,"""CAL284013""",
CA1000070,"""Measuring pipette""","""ENCP50006406""",1,"""CAL284013""",
CA1000071,"""Ring stand""","""ENCP50006407""",1,"""CAL284013""",
CA1000072,"""Cork borer""","""ENCP50006408""",1,"""CAL284013""",
CA1000073,"""Parafilm""","""ENCP50006409""",1,"""CAL284013""",
CA1000074,"""Microscope slide""","""ENCP50006410""",1,"""CAL284013""",
CA1000075,"""Coverslip""","""ENCP50006411""",1,"""CAL284013""",
CA1000076,"""Beral pipette""","""ENCP50006412""",1,"""CAL284013""",
CA1000077,"""Graduated cylinder""","""ENCP50006413""",1,"""CAL284013""",
EU1000034,"""Test tube""","""ENCP40007101""",1,"""EUL941910""",
EU1000035,"""Ring stands""","""ENCP40007102""",1,"""EUL941910""",
EU1000036,"""Clamps""","""ENCP40007103""",1,"""EUL941910""",
EU1000037,"""Thermometers""","""ENCP40007104""",1,"""EUL941910""",
EU1000038,"""Hotplates""","""ENCP40007105""",1,"""EUL941910""",
EU1000039,"""Periodic tables""","""ENCP40007106""",1,"""EUL941910""",
EU1000040,"""Glass and rubber tubes""","""ENCP40007107""",1,"""EUL941910""",
EU1000041,"""Corks""","""ENCP40007108""",1,"""EUL941910""",
EU1000042,"""Flasks""","""ENCP40007109""",1,"""EUL941910""",
EU1000043,"""Tapes""","""ENCP40007110""",1,"""EUL941910""",
EU1000044,"""Filters""","""ENCP40007111""",1,"""EUL941910""",
EU1000045,"""Pipets""","""ENCP40007112""",1,"""EUL941910""",
EU1000046,"""Syringes""","""ENCP40007113""",1,"""EUL941910""",
EU1000047,"""Beakers""","""ENCP40007114""",1,"""EUL941910""",
EU1000048,"""Funnels""","""ENCP40007115""",1,"""EUL941910""",
EU1000049,"""Flasks""","""ENCP40007116""",1,"""EUL941910""",
EU1000050,"""Scientific Goggles""","""ENCP40007117""",1,"""EUL941910""",
EU1000051,"""Lab coats""","""ENCP40007201""",1,"""EUL941911""",
EU1000052,"""Fire extinguisher""","""ENCP40007202""",1,"""EUL941911""",
EU1000053,"""Measuring weight""","""ENCP40007203""",1,"""EUL941911""",
EU1000054,"""Ph test strips""","""ENCP40007204""",1,"""EUL941911""",
EU1000055,"""Potassium""","""ENCP40007205""",1,"""EUL941911""",
EU1000056,"""Iron""","""ENCP40007206""",1,"""EUL941911""",
EU1000057,"""Carbon""","""ENCP40007207""",1,"""EUL941911""",
EU1000058,"""Crucibles""","""ENCP40007208""",1,"""EUL941911""",
EU1000059,"""Burets""","""ENCP40007209""",1,"""EUL941911""",
EU1000060,"""Scientific Calculator""","""ENCP40007210""",1,"""EUL941911""",
EU1000061,"""Clutches""","""ENCP40007211""",1,"""EUL941911""",
EU1000062,"""Joins""","""ENCP40007212""",1,"""EUL941911""",
EU1000063,"""Tongs""","""ENCP40007213""",1,"""EUL941911""",
EU1000064,"""Droppers""","""ENCP40007214""",1,"""EUL941911""",
EU1000065,"""Spatulas""","""ENCP40007215""",1,"""EUL941911""",
EU1000066,"""Scoopulas""","""ENCP40007216""",1,"""EUL941911""",
EU1000067,"""Utility clamp""","""ENCP40007217""",1,"""EUL941911""",
EU1000068,"""Ring clamp""","""ENCP40007301""",1,"""EUL941912""",
EU1000069,"""Fume hood""","""ENCP40007302""",1,"""EUL941912""",
EU1000070,"""Dropper pipets""","""ENCP40007303""",1,"""EUL941912""",
EU1000071,"""Pinch clamp""","""ENCP40007304""",1,"""EUL941912""",
EU1000072,"""Mercury""","""ENCP40007305""",1,"""EUL941912""",
EU1000073,"""Carbon""","""ENCP40007306""",1,"""EUL941912""",
EU1000074,"""Hydrogen""","""ENCP40007307""",1,"""EUL941912""",
EU1000075,"""Sodium""","""ENCP40007308""",1,"""EUL941912""",
EU1000076,"""Nitrogen""","""ENCP40007309""",1,"""EUL941912""",
EU1000077,"""Magnesium""","""ENCP40007310""",1,"""EUL941912""",
EU1000078,"""Chlorine""","""ENCP40007311""",1,"""EUL941912""",
EU1000079,"""Calcium""","""ENCP40007312""",1,"""EUL941912""",
EU1000080,"""Sulfur""","""ENCP40007313""",1,"""EUL941912""",
EU1000081,"""Arsenic""","""ENCP40007314""",1,"""EUL941912""",
EU1000082,"""Titanium""","""ENCP40007315""",1,"""EUL941912""",
EU1000083,"""Uranium""","""ENCP40007316""",1,"""EUL941912""",
EU1000084,"""Gallium""","""ENCP40007317""",1,"""EUL941912""",
EU1000085,"""Bromine""","""ENCP40007401""",1,"""EUL941913""",
EU1000086,"""Manganese""","""ENCP40007402""",1,"""EUL941913""",
EU1000087,"""Copper""","""ENCP40007403""",1,"""EUL941913""",
EU1000088,"""Zinc""","""ENCP40007404""",1,"""EUL941913""",
EU1000089,"""Cadmium""","""ENCP40007405""",1,"""EUL941913""",
EU1000090,"""Boron""","""ENCP40007406""",1,"""EUL941913""",
EU1000091,"""Indium""","""ENCP40007407""",1,"""EUL941913""",
EU1000092,"""Iodine""","""ENCP40007408""",1,"""EUL941913""",
EU1000093,"""Tin""","""ENCP40007409""",1,"""EUL941913""",
EU1000094,"""Lead""","""ENCP40007410""",1,"""EUL941913""",
EU1000095,"""Arsenic""","""ENCP40007411""",1,"""EUL941913""",
EU1000096,"""Helium""","""ENCP40007412""",1,"""EUL941913""",
EU1000097,"""Xenon""","""ENCP40007413""",1,"""EUL941913""",
EU1000098,"""Selenium""","""ENCP40007414""",1,"""EUL941913""",
EU1000099,"""Germanium""","""ENCP40007415""",1,"""EUL941913""",
EU1000100,"""Phosphorous""","""ENCP40007416""",1,"""EUL941913""",
EU1000101,"""Platinum""","""ENCP40007417""",1,"""EUL941913""",
JA1000073,"""Capacitors""","""ENCP36007101""",1,"""JAL379510""",
JA1000074,"""Nodes""","""ENCP36007102""",1,"""JAL379510""",
JA1000075,"""Breadboards""","""ENCP36007103""",1,"""JAL379510""",
JA1000076,"""Circuit Wires""","""ENCP36007104""",1,"""JAL379510""",
JA1000077,"""Transistors""","""ENCP36007105""",1,"""JAL379510""",
JA1000078,"""Microcontrollers""","""ENCP36007106""",1,"""JAL379510""",
JA1000079,"""Lasers""","""ENCP36007107""",1,"""JAL379510""",
JA1000080,"""Scientific Magnifiers""","""ENCP36007108""",1,"""JAL379510""",
JA1000081,"""Optics""","""ENCP36007109""",1,"""JAL379510""",
JA1000082,"""Scientific Goggles""","""ENCP36007110""",1,"""JAL379510""",
JA1000083,"""Lab coats""","""ENCP36007111""",1,"""JAL379510""",
JA1000084,"""Shafts""","""ENCP36007112""",1,"""JAL379510""",
JA1000085,"""Fire extinguisher""","""ENCP36007113""",1,"""JAL379510""",
JA1000086,"""Toolbox""","""ENCP36007114""",1,"""JAL379510""",
JA1000087,"""Rulers""","""ENCP36007115""",1,"""JAL379510""",
JA1000088,"""Acrylic lens""","""ENCP36007116""",1,"""JAL379510""",
JA1000089,"""Gyroscope""","""ENCP36007117""",1,"""JAL379510""",
JA1000090,"""Electrodes""","""ENCP36007118""",1,"""JAL379510""",
JA1000091,"""Magnetism kit""","""ENCP36007201""",1,"""JAL379511""",
JA1000092,"""Prism""","""ENCP36007202""",1,"""JAL379511""",
JA1000093,"""Batteries""","""ENCP36007203""",1,"""JAL379511""",
JA1000094,"""Battery charger""","""ENCP36007204""",1,"""JAL379511""",
JA1000095,"""Holographs""","""ENCP36007205""",1,"""JAL379511""",
JA1000096,"""LEDs""","""ENCP36007206""",1,"""JAL379511""",
JA1000097,"""Power jacks""","""ENCP36007207""",1,"""JAL379511""",
JA1000098,"""Scientific Calculator""","""ENCP36007208""",1,"""JAL379511""",
JA1000099,"""Extension chord""","""ENCP36007209""",1,"""JAL379511""",
JA1000100,"""Potentiometer""","""ENCP36007210""",1,"""JAL379511""",
JA1000101,"""Springs""","""ENCP36007211""",1,"""JAL379511""",
JA1000102,"""Switches""","""ENCP36007212""",1,"""JAL379511""",
JA1000103,"""Bushings""","""ENCP36007213""",1,"""JAL379511""",
JA1000104,"""Bearings""","""ENCP36007214""",1,"""JAL379511""",
JA1000105,"""Belts""","""ENCP36007215""",1,"""JAL379511""",
JA1000106,"""Pulleys""","""ENCP36007216""",1,"""JAL379511""",
JA1000107,"""Protractors""","""ENCP36007217""",1,"""JAL379511""",
JA1000108,"""Photogate""","""ENCP36007218""",1,"""JAL379511""",
JA1000109,"""Pressure clamps""","""ENCP36007301""",1,"""JAL379512""",
JA1000110,"""Vernier caliper""","""ENCP36007302""",1,"""JAL379512""",
JA1000111,"""Neodymium magnets""","""ENCP36007303""",1,"""JAL379512""",
JA1000112,"""Insulated cups""","""ENCP36007304""",1,"""JAL379512""",
JA1000113,"""Flasks""","""ENCP36007305""",1,"""JAL379512""",
JA1000114,"""Electroscope""","""ENCP36007306""",1,"""JAL379512""",
JA1000115,"""Pith balls""","""ENCP36007307""",1,"""JAL379512""",
JA1000116,"""Voltmeter""","""ENCP36007308""",1,"""JAL379512""",
JA1000117,"""Conductivity paper""","""ENCP36007309""",1,"""JAL379512""",
JA1000118,"""Ammeter""","""ENCP36007310""",1,"""JAL379512""",
JA1000119,"""Multimeter""","""ENCP36007311""",1,"""JAL379512""",
JA1000120,"""Power register""","""ENCP36007312""",1,"""JAL379512""",
JA1000121,"""Tunning fork""","""ENCP36007313""",1,"""JAL379512""",
JA1000122,"""Resonance tube""","""ENCP36007314""",1,"""JAL379512""",
JA1000123,"""Stroboscope""","""ENCP36007315""",1,"""JAL379512""",
JA1000124,"""Diffraction grating""","""ENCP36007316""",1,"""JAL379512""",
JA1000125,"""Convex lenses""","""ENCP36007317""",1,"""JAL379512""",
JA1000126,"""Geiger counter""","""ENCP36007318""",1,"""JAL379512""",
JA1000127,"""IsoGenerator""","""ENCP36007401""",1,"""JAL379513""",
JA1000128,"""Rheostat""","""ENCP36007402""",1,"""JAL379513""",
JA1000129,"""Resistance box""","""ENCP36007403""",1,"""JAL379513""",
JA1000130,"""Aneroid barometer""","""ENCP36007404""",1,"""JAL379513""",
JA1000131,"""Galvanometer""","""ENCP36007405""",1,"""JAL379513""",
JA1000132,"""Gas taps""","""ENCP36007406""",1,"""JAL379513""",
JA1000133,"""G-Clamps""","""ENCP36007407""",1,"""JAL379513""",
JA1000134,"""Hydrometer""","""ENCP36007408""",1,"""JAL379513""",
JA1000135,"""Klinostat""","""ENCP36007409""",1,"""JAL379513""",
JA1000136,"""Micrometer Screw Gauge""","""ENCP36007410""",1,"""JAL379513""",
JA1000137,"""Optical bench""","""ENCP36007411""",1,"""JAL379513""",
JA1000138,"""Potentiometer""","""ENCP36007412""",1,"""JAL379513""",
JA1000139,"""Resonance Apparatus""","""ENCP36007413""",1,"""JAL379513""",
JA1000140,"""Sonometer""","""ENCP36007414""",1,"""JAL379513""",
JA1000141,"""Calorimeter""","""ENCP36007415""",1,"""JAL379513""",
JA1000142,"""Joule""","""ENCP36007416""",1,"""JAL379513""",
JA1000143,"""Magnetic stir bar""","""ENCP36007417""",1,"""JAL379513""",
RU1000161,"""Test tube""","""ENCP14003101""",1,"""RUL290510""",
RU1000162,"""Ring stands""","""ENCP14003102""",1,"""RUL290510""",
RU1000163,"""Clamps""","""ENCP14003103""",1,"""RUL290510""",
RU1000164,"""Thermometers""","""ENCP14003104""",1,"""RUL290510""",
RU1000165,"""Hotplates""","""ENCP14003105""",1,"""RUL290510""",
RU1000166,"""Periodic tables""","""ENCP14003106""",1,"""RUL290510""",
RU1000167,"""Glass and rubber tubes""","""ENCP14003107""",1,"""RUL290510""",
RU1000168,"""Corks""","""ENCP14003108""",1,"""RUL290510""",
RU1000169,"""Flasks""","""ENCP14003109""",1,"""RUL290510""",
RU1000170,"""Tapes""","""ENCP14003110""",1,"""RUL290510""",
RU1000171,"""Filters""","""ENCP14003111""",1,"""RUL290510""",
RU1000172,"""Pipets""","""ENCP14003112""",1,"""RUL290510""",
RU1000173,"""Syringes""","""ENCP14003113""",1,"""RUL290510""",
RU1000174,"""Beakers""","""ENCP14003114""",1,"""RUL290510""",
RU1000175,"""Funnels""","""ENCP14003115""",1,"""RUL290510""",
RU1000176,"""Flasks""","""ENCP14003116""",1,"""RUL290510""",
RU1000177,"""Scientific Goggles""","""ENCP14003117""",1,"""RUL290510""",
RU1000178,"""Lab coats""","""ENCP14003201""",1,"""RUL290511""",
RU1000179,"""Fire extinguisher""","""ENCP14003202""",1,"""RUL290511""",
RU1000180,"""Measuring weight""","""ENCP14003203""",1,"""RUL290511""",
RU1000181,"""Ph test strips""","""ENCP14003204""",1,"""RUL290511""",
RU1000182,"""Potassium""","""ENCP14003205""",1,"""RUL290511""",
RU1000183,"""Iron""","""ENCP14003206""",1,"""RUL290511""",
RU1000184,"""Carbon""","""ENCP14003207""",1,"""RUL290511""",
RU1000185,"""Crucibles""","""ENCP14003208""",1,"""RUL290511""",
RU1000186,"""Burets""","""ENCP14003209""",1,"""RUL290511""",
RU1000187,"""Scientific Calculator""","""ENCP14003210""",1,"""RUL290511""",
RU1000188,"""Clutches""","""ENCP14003211""",1,"""RUL290511""",
RU1000189,"""Joins""","""ENCP14003212""",1,"""RUL290511""",
RU1000190,"""Tongs""","""ENCP14003213""",1,"""RUL290511""",
RU1000191,"""Droppers""","""ENCP14003214""",1,"""RUL290511""",
RU1000192,"""Spatulas""","""ENCP14003215""",1,"""RUL290511""",
RU1000193,"""Scoopulas""","""ENCP14003216""",1,"""RUL290511""",
RU1000194,"""Utility clamp""","""ENCP14003217""",1,"""RUL290511""",
RU1000195,"""Ring clamp""","""ENCP14003301""",1,"""RUL290512""",
RU1000196,"""Fume hood""","""ENCP14003302""",1,"""RUL290512""",
RU1000197,"""Dropper pipets""","""ENCP14003303""",1,"""RUL290512""",
RU1000198,"""Pinch clamp""","""ENCP14003304""",1,"""RUL290512""",
RU1000199,"""Mercury""","""ENCP14003305""",1,"""RUL290512""",
RU1000200,"""Carbon""","""ENCP14003306""",1,"""RUL290512""",
RU1000201,"""Hydrogen""","""ENCP14003307""",1,"""RUL290512""",
RU1000202,"""Sodium""","""ENCP14003308""",1,"""RUL290512""",
RU1000203,"""Nitrogen""","""ENCP14003309""",1,"""RUL290512""",
RU1000204,"""Magnesium""","""ENCP14003310""",1,"""RUL290512""",
RU1000205,"""Chlorine""","""ENCP14003311""",1,"""RUL290512""",
RU1000206,"""Calcium""","""ENCP14003312""",1,"""RUL290512""",
RU1000207,"""Sulfur""","""ENCP14003313""",1,"""RUL290512""",
RU1000208,"""Arsenic""","""ENCP14003314""",1,"""RUL290512""",
RU1000209,"""Titanium""","""ENCP14003315""",1,"""RUL290512""",
RU1000210,"""Uranium""","""ENCP14003316""",1,"""RUL290512""",
RU1000211,"""Gallium""","""ENCP14003317""",1,"""RUL290512""",
RU1000212,"""Bromine""","""ENCP14003401""",1,"""RUL290513""",
RU1000213,"""Manganese""","""ENCP14003402""",1,"""RUL290513""",
RU1000214,"""Copper""","""ENCP14003403""",1,"""RUL290513""",
RU1000215,"""Zinc""","""ENCP14003404""",1,"""RUL290513""",
RU1000216,"""Cadmium""","""ENCP14003405""",1,"""RUL290513""",
RU1000217,"""Boron""","""ENCP14003406""",1,"""RUL290513""",
RU1000218,"""Indium""","""ENCP14003407""",1,"""RUL290513""",
RU1000219,"""Iodine""","""ENCP14003408""",1,"""RUL290513""",
RU1000220,"""Tin""","""ENCP14003409""",1,"""RUL290513""",
RU1000221,"""Lead""","""ENCP14003410""",1,"""RUL290513""",
RU1000222,"""Arsenic""","""ENCP14003411""",1,"""RUL290513""",
RU1000223,"""Helium""","""ENCP14003412""",1,"""RUL290513""",
RU1000224,"""Xenon""","""ENCP14003413""",1,"""RUL290513""",
RU1000225,"""Selenium""","""ENCP14003414""",1,"""RUL290513""",
RU1000226,"""Germanium""","""ENCP14003415""",1,"""RUL290513""",
RU1000227,"""Phosphorous""","""ENCP14003416""",1,"""RUL290513""",
RU1000228,"""Platinum""","""ENCP14003417""",1,"""RUL290513""",
RU1000229,"""Telescopes""","""ENCP14007101""",1,"""RUL795010""",
RU1000230,"""Scientific goggles""","""ENCP14007102""",1,"""RUL795010""",
RU1000231,"""Cameras""","""ENCP14007103""",1,"""RUL795010""",
RU1000232,"""Antennas""","""ENCP14007104""",1,"""RUL795010""",
RU1000233,"""Filters""","""ENCP14007105""",1,"""RUL795010""",
RU1000234,"""Photometers""","""ENCP14007106""",1,"""RUL795010""",
RU1000235,"""Spectrometers""","""ENCP14007107""",1,"""RUL795010""",
RU1000236,"""Radios""","""ENCP14007108""",1,"""RUL795010""",
RU1000237,"""X-rays emitter""","""ENCP14007201""",1,"""RUL795011""",
RU1000238,"""Gamma ray emitter""","""ENCP14007202""",1,"""RUL795011""",
RU1000239,"""Batteries""","""ENCP14007203""",1,"""RUL795011""",
RU1000240,"""Battery charger""","""ENCP14007204""",1,"""RUL795011""",
RU1000241,"""Light meter""","""ENCP14007205""",1,"""RUL795011""",
RU1000242,"""Beacon""","""ENCP14007206""",1,"""RUL795011""",
RU1000243,"""Sensors""","""ENCP14007207""",1,"""RUL795011""",
RU1000244,"""Tripods""","""ENCP14007208""",1,"""RUL795011""",
RU1000245,"""Scientific calculator""","""ENCP14007301""",1,"""RUL795012""",
RU1000246,"""Batteries""","""ENCP14007302""",1,"""RUL795012""",
RU1000247,"""Battery charger""","""ENCP14007303""",1,"""RUL795012""",
RU1000248,"""Bottle Filling Machine Trainer""","""ENCP14007304""",1,"""RUL795012""",
RU1000249,"""Level Measurement Trainer""","""ENCP14007305""",1,"""RUL795012""",
RU1000250,"""Sprockets""","""ENCP14007306""",1,"""RUL795012""",
RU1000251,"""Stepper motor""","""ENCP14007307""",1,"""RUL795012""",
RU1000253,"""Solenoids""","""ENCP14007401""",1,"""RUL795013""",
RU1000254,"""Motors""","""ENCP14007402""",1,"""RUL795013""",
RU1000255,"""Turbines""","""ENCP14007403""",1,"""RUL795013""",
RU1000256,"""PLC training rack""","""ENCP14007404""",1,"""RUL795013""",
RU1000257,"""Reels""","""ENCP14007405""",1,"""RUL795013""",
RU1000258,"""Automation equipment""","""ENCP14007406""",1,"""RUL795013""",
RU1000259,"""EVA Airlock""","""ENCP14007407""",1,"""RUL795013""",
RU1000260,"""Igloo""","""ENCP14007408""",1,"""RUL795013""",
RU1000261,"""Magnetic stirrer""","""ENCP14007409""",1,"""RUL795013""",
US1000386,"""Microscopes""","""ENCP25002101""",1,"""USL492010""",
US1000387,"""Organism samples""","""ENCP25002102""",1,"""USL492010""",
US1000388,"""Food samples""","""ENCP25002103""",1,"""USL492010""",
US1000389,"""Forceps""","""ENCP25002104""",1,"""USL492010""",
US1000390,"""Probes""","""ENCP25002105""",1,"""USL492010""",
US1000391,"""Scalpels""","""ENCP25002106""",1,"""USL492010""",
US1000392,"""Dyes""","""ENCP25002107""",1,"""USL492010""",
US1000393,"""Indicators""","""ENCP25002108""",1,"""USL492010""",
US1000394,"""Gloves""","""ENCP25002109""",1,"""USL492010""",
US1000395,"""Lab coats""","""ENCP25002110""",1,"""USL492010""",
US1000396,"""Drying rack""","""ENCP25002111""",1,"""USL492010""",
US1000397,"""Flint""","""ENCP25002112""",1,"""USL492010""",
US1000398,"""Graduated cylinders""","""ENCP25002113""",1,"""USL492010""",
US1000399,"""Stopwatch""","""ENCP25002114""",1,"""USL492010""",
US1000400,"""Test Strip""","""ENCP25002115""",1,"""USL492010""",
US1000401,"""Ph test strips""","""ENCP25002201""",1,"""USL492011""",
US1000402,"""Dissection equipment ""","""ENCP25002202""",1,"""USL492011""",
US1000403,"""Tissue""","""ENCP25002203""",1,"""USL492011""",
US1000404,"""Cold storage""","""ENCP25002204""",1,"""USL492011""",
US1000405,"""Spatula""","""ENCP25002205""",1,"""USL492011""",
US1000406,"""Scoopulas""","""ENCP25002206""",1,"""USL492011""",
US1000407,"""Blades""","""ENCP25002207""",1,"""USL492011""",
US1000408,"""Friction apparatus""","""ENCP25002208""",1,"""USL492011""",
US1000409,"""Tool box""","""ENCP25002209""",1,"""USL492011""",
US1000410,"""Pumps""","""ENCP25002210""",1,"""USL492011""",
US1000411,"""Graphs""","""ENCP25002211""",1,"""USL492011""",
US1000412,"""Test tube""","""ENCP25002212""",1,"""USL492011""",
US1000413,"""Petri Dishes""","""ENCP25002213""",1,"""USL492011""",
US1000414,"""Flasks""","""ENCP25002214""",1,"""USL492011""",
US1000415,"""Beakers""","""ENCP25002215""",1,"""USL492011""",
US1000416,"""Funnel""","""ENCP25002301""",1,"""USL492012""",
US1000417,"""Mortar""","""ENCP25002302""",1,"""USL492012""",
US1000418,"""Pestle""","""ENCP25002303""",1,"""USL492012""",
US1000419,"""Mall probe""","""ENCP25002304""",1,"""USL492012""",
US1000420,"""Test tube holder""","""ENCP25002305""",1,"""USL492012""",
US1000421,"""Thermometer""","""ENCP25002306""",1,"""USL492012""",
US1000422,"""Wire gauze""","""ENCP25002307""",1,"""USL492012""",
US1000423,"""Side arm flask""","""ENCP25002308""",1,"""USL492012""",
US1000424,"""Carboy""","""ENCP25002309""",1,"""USL492012""",
US1000425,"""Centrifuge""","""ENCP25002310""",1,"""USL492012""",
US1000426,"""Inoculating loop""","""ENCP25002311""",1,"""USL492012""",
US1000427,"""Hot fingers""","""ENCP25002312""",1,"""USL492012""",
US1000428,"""Safety goggles""","""ENCP25002313""",1,"""USL492012""",
US1000429,"""Latex gloves""","""ENCP25002314""",1,"""USL492012""",
US1000430,"""Scalpel handle""","""ENCP25002315""",1,"""USL492012""",
US1000431,"""Dissecting scissors""","""ENCP25002401""",1,"""USL492013""",
US1000432,"""Hotplate""","""ENCP25002402""",1,"""USL492013""",
US1000433,"""Iron ring""","""ENCP25002403""",1,"""USL492013""",
US1000434,"""Rubber stoppers""","""ENCP25002404""",1,"""USL492013""",
US1000435,"""Volumetric pipette""","""ENCP25002405""",1,"""USL492013""",
US1000436,"""Measuring pipette""","""ENCP25002406""",1,"""USL492013""",
US1000437,"""Ring stand""","""ENCP25002407""",1,"""USL492013""",
US1000438,"""Cork borer""","""ENCP25002408""",1,"""USL492013""",
US1000439,"""Parafilm""","""ENCP25002409""",1,"""USL492013""",
US1000440,"""Microscope slide""","""ENCP25002410""",1,"""USL492013""",
US1000441,"""Coverslip""","""ENCP25002411""",1,"""USL492013""",
US1000442,"""Beral pipette""","""ENCP25002412""",1,"""USL492013""",
US1000443,"""Graduated cylinder""","""ENCP25002413""",1,"""USL492013""",
US1000444,"""Telescopes""","""ENCP21007101""",1,"""USL593210""",
US1000445,"""Scientific goggles""","""ENCP21007102""",1,"""USL593210""",
US1000446,"""Cameras""","""ENCP21007103""",1,"""USL593210""",
US1000447,"""Antennas""","""ENCP21007104""",1,"""USL593210""",
US1000448,"""Filters""","""ENCP21007105""",1,"""USL593210""",
US1000449,"""Photometers""","""ENCP21007106""",1,"""USL593210""",
US1000450,"""Spectrometers""","""ENCP21007107""",1,"""USL593210""",
US1000451,"""Radios""","""ENCP21007108""",1,"""USL593210""",
US1000452,"""X-rays emitter""","""ENCP21007201""",1,"""USL593211""",
US1000453,"""Gamma ray emitter""","""ENCP21007202""",1,"""USL593211""",
US1000454,"""Batteries""","""ENCP21007203""",1,"""USL593211""",
US1000455,"""Battery charger""","""ENCP21007204""",1,"""USL593211""",
US1000456,"""Light meter""","""ENCP21007205""",1,"""USL593211""",
US1000457,"""Beacon""","""ENCP21007206""",1,"""USL593211""",
US1000458,"""Sensors""","""ENCP21007207""",1,"""USL593211""",
US1000459,"""Tripods""","""ENCP21007208""",1,"""USL593211""",
US1000460,"""Scientific calculator""","""ENCP21007301""",1,"""USL593212""",
US1000461,"""Batteries""","""ENCP21007302""",1,"""USL593212""",
US1000462,"""Battery charger""","""ENCP21007303""",1,"""USL593212""",
US1000463,"""Bottle Filling Machine Trainer""","""ENCP21007304""",1,"""USL593212""",
US1000464,"""Level Measurement Trainer""","""ENCP21007305""",1,"""USL593212""",
US1000465,"""Sprockets""","""ENCP21007306""",1,"""USL593212""",
US1000466,"""Stepper motor""","""ENCP21007307""",1,"""USL593212""",
US1000468,"""Solenoids""","""ENCP21007401""",1,"""USL593213""",
US1000469,"""Motors""","""ENCP21007402""",1,"""USL593213""",
US1000470,"""Turbines""","""ENCP21007403""",1,"""USL593213""",
US1000471,"""PLC training rack""","""ENCP21007404""",1,"""USL593213""",
US1000472,"""Reels""","""ENCP21007405""",1,"""USL593213""",
US1000473,"""Automation equipment""","""ENCP21007406""",1,"""USL593213""",
US1000474,"""EVA Airlock""","""ENCP21007407""",1,"""USL593213""",
US1000475,"""Igloo""","""ENCP21007408""",1,"""USL593213""",
US1000476,"""Magnetic stirrer""","""ENCP21007409""",1,"""USL593213""",
